1	Semua Siswa IPA Reguler SMAN 3 Semarang Tak Lulus SNMPTN	"SEMARANG, KOMPAS.com â€” Ratusan orangtua siswa SMA Negeri 3 Semarang mempertanyakan ketidaklulusan putra-putri mereka dalam Seleksi Nasional Masuk Perguruan Tinggi Negeri (SNMPTN) 2016. Semua siswa jurusan IPA reguler yang berjumlah 380 orang tidak ada yang lolos SNMPTN. Dalam pertemuan dengan Kepala SMAN 3 Semarang Bambang Nianto Mulyo di Krakatau Ballroom Hotel Horison, Semarang, Selasa (10/5/2016), para orangtua siswa itu mendesak agar pihak sekolah melakukan klarifikasi. Mayoritas orangtua menganggap ada kesalahan dalam proses memasukkan data di Pangkalan Data Siswa dan Sekolah sehingga para siswa tidak ada yang lolos SNMPTN. Hal itu diduga terjadi karena persebaran ketidaklulusan siswa bersifat seragam, yakni hanya untuk jurusan IPA reguler. Bambang mengatakan, banyak siswa SMAN 3 Semarang dari jurusan lain yang lolos SNMPTN. ""Ada 14 siswa akselerasi IPA dan 22 siswa IPS yang lolos SNMPTN,"" ujarnya seperti dikutip Tribun Jateng. Bambang tidak bisa menjelaskan secara terperinci faktor yang melatarbelakangi ketidaklulusan 380 siswa IPA di sekolahnya dalam SNMPTN. Ia menyatakan bahwa semua kewenangan berada di panitia pusat SNMPTN. Ia belum mendapat informasi terperinci soal hal itu. Jawaban itu tidak memuaskan para orangtua siswa sehingga mereka naik pitam. Sapto Widodo, salah satu wali murid, mendesak Bambang untuk mengirimkan surat dan mendatangi langsung ketua panitia SNMPTN. ""Jangan hanya menunggu informasi melalui telepon, kirim surat resmi. Kalau perlu, ajak kami orangtua untuk datang langsung, kita minta kejelasan bersama,"" kata Sapto. Sapto sangat penasaran dengan penyebab ketidaklulusan anaknya. Putranya yang mendaftar di program studi Teknik Sipil Universitas Gadjah Mada memang masih punya kesempatan lagi untuk mendaftar melalui jalur lain, yakni SBMPTN. Namun, ia meminta adanya jawaban yang memuaskan. ""Kalau mendaftar lagi, pasti kami lakukan, tetapi bukan itu masalahnya. Sebab, ini harus ada jawaban,"" kata dia. Salah satu orangtua murid SMAN 3 Semarang, yang putranya tidak lolos SNMPTN, adalah Rektor Universitas Muhammadiyah Semarang (Unimus) Masrukhi. Ia merasa heran karena tidak satu pun siswa dari kelas jurusan IPA lolos SNMPTN. ""Padahal dari segi prestasi, tidak bisa dipandang sebelah mata. Ada yang juara olimpiade tingkat nasional, hingga melakukan berbagai penelitian yang bagus. Namun, sebabnya apa, kami belum tahu. Hal ini biar diselidiki terlebih dahulu,"" katanya kepada Tribun Jateng. Kepada awak media, Bambang menyampaikan bahwa pihaknya menerima seluruh masukan dari orangtua. Ia juga akan segera menindaklanjuti masukan dan akan mencoba berkunjung ke ketua panitia SNMPTN. (Rival Al-manaf/Tribun Jateng)"
2	"Semua Siswa SMAN 3 Semarang Tak Lulus SNMPTN, Siapa Salah?"	"VIVA.co.id â€“  Sebanyak 380 pelajar lulusan SMAN 3 Semarang, Jawa Tengah, tak ada satu pun yang lolos dalam seleksi masuk perguruan tinggi negeri yang melaksanakan Seleksi Nasional Masuk Perguruan Tinggi Negeri (SNMPTN). Hal ini tentu menjadi pertanyaan banyak pihak karena SMAN 3 Semarang merupakan sekolah favorit di Jawa Tengah. Atas keresahan ratusan orangtua murid lulusan SMA 3 Semarang, Menteri Pendidikan dan Kebudayaan (Mendikbud), Anies Baswedan, memerintahkan agar pihak terkait melakukan audit secepatnya guna mengetahui permasalahan ini. ""Saya minta Dinas Pendidikan Jawa Tengah dan Semarang segera melakukan audit untuk mengetahui apa yang terjadi sebenarnya,"" kata Anies Baswedan di Yogyakarta, Kamis, 12 Mei 2016. Menurut Anies, kegagalan 380 lulusan SMA 3 Semarang masuk PTN harus ada yang bertanggung jawab. Diharapkan pihak terkait di Jawa Tengah tidak lagi saling lepas tangan atau menyalahkan. Karena itu, perlu dilakukan audit untuk mengidentifikasi permasalahan. ""Audit itu merupakan bagian dari upaya untuk mengetahui siapa yang bertanggung jawab,"" ujar Anies. Sebelum ada pernyataan pers dari SMA Negeri 3 Semarang, Kementerian Pendidikan dan Kebudayaan sudah melakukan audit awal. ""Dari 50 sekolah yang menggunakan SKS di Indonesia atau dari tujuh sekolah di Jawa Tengah, yang bermasalah hanya SMA Negeri 3 Semarang,"" katanya. Artinya, lanjut Anies, 49 sekolah lain bisa melakukan input dengan baik. Karena itu, menurut Anies, perlu diaudit untuk mengetahui kebenarannya. Terlebih lagi, input data itu menggunakan komputer. Melalui lacakan komputer, kata Anies, dapat diketahui secara rinci dari detik, menit dan jam, apa yang dilakukan dalam proses input data itu. ""Harus ada yang bertanggungjawab, "" ujar Anies. (ase)"
3	Penjelasan Disdik Jateng soal SKS dan 'Musibah' SMAN 3 Semarang Terkait SNMPTN	"Semarang - Setidaknya ada 9 sekolahan di Jawa Tengah yang menggunakan sistem kredit semester (SKS), meski demikian tidak ada yang sampai mengalami ""musibah"" ratusan murid tidak lolos SNMPTN seperti yang dialami SMAN 3 Semarang.  Kasi Kurikulum Dikmen Dinas Pendidikan Provinsi Jawa Tengah, Bambang Supriono mengatakan SKS sudah diterapkan di sejumlah sekolah sejak tahun 2011 dan hingga saat ini sudah ada 9 sekolahan yang memakainya yaitu SMAN 1 Kudus, SMAN 3 Semarang, SMAN 1 Pati, SMAN 1 Salatiga, SMAN 1 Kebumen, SMAN 1 Wonosobo, SMA Karangturi Semarang, SMAN Takasus Wonosobo, dan SMAN 3 Purwokerto. ""Sudah sejak tahun ajaran 2011. Masih tahap rintisan. Yang mengalami seperti itu hanya SMAN 3 Semarang,"" kata. Tahun-tahun sebelumnya, input Pangkalan Data Sekolah & Siswa (PDSS) online menggunakan sistem reguler. Namun tahun ini, lanjut Bambang, diberikan dua opsi kepada sekolahan, akan menggunakan sistem reguler atau sistem baru. ""Sistem baru, jadi misalkan ada kelas A sampai F, kemudian kelas A, B, C, dan D ada pelajaran Kimia semester ini, kemudian kelas E dan F tidak ada, kemungkinan semester berikutnya kelas E dan F yang ada Kimia. Nah, yang jadi masalah kalau pembagiannya (reguler dan baru) sama,"" terang Bambang. Sistem baru itu digunakan oleh SMAN 3 Semarang yang merasa sudah siap, sedangkan sekolah lainnya yang menerapkan SKS masih masukkan data dengan sistem lama. ""Yang lain-lain misalnya di Wonosobo kami cek masih menggunakan sistem lama karena merasa belum siap dengan yang baru. Sepertinya yang menggunakan sistem baru hanya SMAN 3 Semarang,"" ujarnya. Menurut Bambang, sebenarnya sistem SKS yang diterapkan tidak ada masalah. Jika kesalahan ada pada personal sekolahnya, lanjut Bambang, buktinya siswa IPS di SMAN 3 Semarang bisa lolos SNMPTN. Jika yang salah sistemnya, ternyata sekolah lain tidak ada masalah. ""Saya juga bingung, kalau sistemnya ternyata di sekoah lain tidak ada masalah, kalau personal, ternyata yang IPS masuk (SNMPTN),"" tandasnya. Oleh sebab itu memang perlu dicari secara seksama apa penyebabnya hingga 380 siswa IPA reguler SMAN 3 Semarang tidak lolos SNMPTN. Bambang menambahkan pihaknya juga turut mencari informasi membantu pihak seolah yang saat ini berusaha menemui ketua Panitia SNMPTN. ""Kita hati-hati cari informasi termasuk kronologi sejelasnya agar informasi ini sama,"" kata Bambang. Sementara itu menurut panitia SNMPTN, ada nilai yang tak terisi dalam database online sekolah favorit yang menerapkan sistem SKS itu. (alg/try)"
4	"Jadi Presiden Filipina, Duterte: Tahanan Komunis Dibebaskan"	"TEMPO.CO, Manila - Presiden Filipina terpilih, Rodrigo Duterte, akan membebaskan seluruh tahanan komunis sebagai upaya mengawali perundingan damai guna mengakhiri pemberontakan yang berlangsung bertahun-tahun. ""Pemberontakan itu telah menewaskan puluhan ribu orang,"" kata seorang pembantu Duterte, Selasa, 10 Mei 2016. Menurut dia, Duterte akan diambil sumpahnya sebagai Presiden Filipina pada 30 Juni 2016 setelah meraih kemenangan dalam pemilihan umum pada Senin, 9 Mei 2016. Dia menjelaskan, Duterte juga telah menunjukkan kesiapannya membebaskan seluruh pemberontak. ""Hal itu sebagai faktor kunci untuk memecah kebuntuan perundingan yang macet sejak tiga tahun lalu,'"" jelasnya. Pemimpin Filipina sebelumnya, Benigno Aquino, mengakhiri perundingan dengan Partai Komunis Filipina pada 2013 setelah para pemberontak itu menuntut pembebasan seluruh tahanan tanpa syarat. Juru bicara Duterte, Peter Lavina, mengatakan presiden terpilih akan mengizinkan para pemimpin komunis di pengasingan kembali ke Filipina untuk melakukan perundingan dan meninjau kembali statusnya sebagai tahanan politik. Lavina mengusulkan agar pemerintahan baru tidak menolak permintaan pembebasan seluruh tahanan agar mereka bisa ikut serta dalam babak perundingan. Selain itu, pemerintah juga diminta mengizinkan tahanan berobat di luar penjara. ""Ini sangat penting membebaskan tahanan politik untuk berobat di luar penjara,"" katanya. Duterte dikenal sebagai seorang wali kota berhaluan keras dalam menghadapi kaum begundal. Dia pernah memerintahkan pasukan keamanan membunuh lebih dari seratus orang yang diduga pelaku kejahatan di Davao. Pria 71 tahun itu kawan karib Jose Maria Sison, pendiri Partai Komunis Filipina pada 1968, yang kini tinggal di pengasingan Belanda."
5	"Menangi Pilpres Filipina, Rodrigo Duterte Dikhawatirkan Menjadi Diktator"	"Manila, - Sosok kontroversial Rodrigo Duterte berhasil memenangi pemilihan presiden (pilpres) Filipina untuk menggantikan Presiden Benigno Aquino. Meski sejak awal dijagokan publik, namun kemenangan Duterte mengagetkan para elite politik negeri itu. Sosok garis keras Duterte dianggap mengkhawatirkan oleh pemerintahan Aquino. Kata-kata kasar dan sumpah Duterte untuk membunuh setiap pelaku kriminal, menuai kekhawatiran akan kepemimpinan bergaya otoriter. Bahkan saat kampanye pekan lalu, Aquino menyerukan para kandidat presiden lain untuk bersatu melawan Duterte. Aquino mengingatkan, Duterte akan menjadi diktator. Menurut Aquino, yang ibunya memimpin revolusi ""People Power"" tahun 1986 yang menggulingkan diktator Ferdinand Marcos, Filipina berada dalam bahaya terulangnya sejarah jika Duterte terpilih menjadi presiden. ""Kita akan kembali ke darurat militer ala Marcos di mana dia (Duterte) akan memonopoli pengambilan keputusan,"" cetus Aquino seperti dilansir Reuters, Selasa (10/5/2016). Sesuai konstitusi, Aquino tak bisa lagi mencalonkan diri setelah menjadi presiden selama satu periode yang berlangsung enam tahun. Namun Wali Kota Davao itu berhasil memenangi pemilu 2016 ini. Menurut para analis, Duterte berhasil masuk ke dalam sentimen banyak warga Filipina yang frustrasi akan lambatnya reformasi di bawah pemerintahan Aquino. Para pemilih menyukai imej tegas Duterte dan janji-janjinya untuk memberantas masalah-masalah yang telah berakar, seperti kriminalitas dan korupsi. Sebelumnya saat kampanye, Duterte telah menegaskan akan bertindak keras terhadap para pelaku kejahatan. Dikatakannya, akan ada pembunuhan massal para penjahat atas perintahnya. Duterte bahkan mengatakan dirinya tak akan peduli soal HAM jika menyangkut para penjahat. ""Lupakan hukum HAM,"" cetus pria berumur 71 tahun itu seperti dilansir kantor berita AFP, Selasa (10/5/2016). Di Kota Davao yang dipimpinnya, Duterte disebut-sebut telah mengerahkan skuad penembak mati yang dilaporkan telah menewaskan lebih dari 1.000 tersangka penjahat. Davao sendiri dikenal sebagai kota yang marak narkoba dan kekerasan. Menurut pendukung Duterte, kejahatan di kota itu menurun drastis sejak Duterte memimpin. ""Jika saya berhasil melaju ke istana presiden, saya akan melakukan persis seperti yang telah saya lakukan sebagai Wali Kota,"" tandas Duterte."
6	"Hasil Le Mans Bikin Persaingan Rossi, Marquez, dan Lorenzo Kian Ketat"	"Le Mans - Valentino Rossi menyebut hasil di Le Mans sudah membuat persaingan antara dirinya dengan Jorge Lorenzo dan Marc Marquez jadi sangat terbuka. Rossi memulai MotoGP Prancis pada akhir pekan dari posisi start tujuh. Walaupun tidak ideal, rider Movistar Yamaha itu sukses finis kedua di belakang Lorenzo yang merupakan rekan setimnya--sekaligus membuat tim mereka finis 1-2 lagi setelah Jerez lalu. ""Saya amat gembira karena ketika Anda memulai dari posisi tujuh dan kemudian meraih 20 poin maka itu sangatlah bagus, juga karena itu merupakan poin yang amat penting,"" kata Rossi di MotoGP.com. Dengan posisi finis tersebut, Rossi berhak atas 20 angka tambahan. Rossi sekarang duduk di posisi tiga klasemen dengan koleksi 78 poin. Di posisi kedua ada Marquez (85 poin), yang finis pada posisi 13 di Le Mans sehingga menyudahi rentetan podiumnya di awal musim ini, dan Lorenzo (90) sebagai pemuncak klasemen sementara. ""Saat ini saya hanya berada di posisi tiga, sehingga saya harus fokus kepada balapan satu per satu, dan terutama memikirkan Mugello dan berusaha kompetitif di sana,"" tuturnya. Mugello yang disebut Rossi merupakan seri berikutnya dan akan dilangsungkan pada 22 Mei mendatang. Rossi belum pernah lagi memenangi MotoGP Italia tersebut sejak 2008--sekaligus menyudahi tujuh kemenangan berturut-turut untuknya di sana."
7	Marquez Keluhkan Buruknya Akselerasi Honda	"Le Mans - Marc Marquez terjatuh di separuh balapan MotoGP Prancis. Kejadian itu disebutnya sebagai akibat dari akselerasi RC213V yang tertinggal dari para pesaing. Dapat posisi start kedua, Marquez langsung mundur ke urutan enam tak lama setelah balapan dimulai. Dia kemudian bisa naik kembali ke urutan empat dan bahkan naik ke posisi tiga setelah Andrea Iannone crash. Bersama dengan Andrea Dovizioso dan Valetino Rossi, Marquez lantas terlibat dalam persaingan sengit memperebutkan posisi dua. Namun rivalitas itu tak bertahan lama. Setelah diasapi The Doctor, Marquez malah terjatuh. Dia kehilangan kendali pada bagian depan motornya dan terseret masuk ke gravel. Kejadian itu disebut Marquez sebagai akibat dari buruknya akselerasi motor Honda. Marquez mengaku sangat kesulitan untuk bersaing dengan Dovizioso dan Rossi karena Ducati dan Yamaha punya akselerasi yang lebih baik. ""Sejujurnya, saya sebenarnya mengalami balapan yang bagus karena kami punya sangat banyak masalah di akhir pekan ini, tapi saya berada dekat dengan podium. Itulah target utama hari ini,"" ucap Marquez. Untuk mengakali kekalahan akselerasi dari pesaing, Marquez mencoba menebusnya dengan melakukan late breaking. Pada momen itulah dia kemudian mengalami kecelakaan. ""Tapi tiba-tiba di Tikungan 5, saya masuk dan kehilangan (kendali) ban depan. Jelas mengecewakan, tapi hal seperti ini terjadi jika Anda kehilangan akselerasi. Anda harus menebusnya di titik pengereman, dan menjalani kondisi itu selama 28 lap membuat Anda mudah melakukan kesalahan. Karena di titik pengereman tidak ada kendali, hanya pada jari (yang menekan rem) dan feeling motor,"" terang Marquez usai balapan. Akelerasi motor menjadi masalah besar Honda di musim ini. Marquez malah menyebut Honda punya akselerasi paling buruk dibanding pabrikan-pabrikan yang ada di MotoGP saat ini. Namun dia yakin kalau masalah akselerasi bisa dipecahkan maka Honda akan memiliki motor terbaik. ""Buat saya, jika kami membuat ranking akselerasi maka kondisinya akan seperti ini: Ducati, Yamaha, Suzuki, Honda. Kami kalah jauh dari Ducati, lebih sedikit dibanding Yamaha less, lebih sedikit lagi dibanding Suzuki, baru kemudian kami,"" keluh Marquez. ""Masalahnya adalah kami kalah jauh. Tapi kami terus mengembangkan akselerasi dan kami memiliki salah satu motor terbaik. Itu kondisi yang sulit karena di lintasan lurus kami memberikannya dengan 'cuma-cuma' (pada lawan). Itu menyulitkan secara mental saat Anda melihat di lintasan lurus Anda tidak bisa mengikuti mereka. Tapi saya tahu Honda bekerja keras. Saya percaya pada Honda. Jadi tidak ada gunanya kini jika hanya mengeluh,"" tegasnya di Crash. (din/cas)"
8	Nadal Lewati Babak Kedua	"Roma - Rafael Nadal melewati rintangan pertama dalam usahanya meraih titel Roma Masters kedelapan. Nadal mengalahkan Phil Kohlschreiber dengan kemenangan straight set. Memainkan laga babak II di Foro Italico, yang berakhir Kamis (12/5) dinihari WIB, Nadal hanya kehilangan enam gim untuk menyingkirkan petenis Jerman itu dengan skor 6-3, 6-3. Bertanding selama 1 jam 23 menit, Nadal memenangi 72 persen poin di servis pertama, 21 winner dan 14 unforced error. Kohlschreiber banyak membuat kesalahan sendiri dengan 22 unforced error dan 18 winner. Nadal memegang rekor titel juara terbanyak di turnamen ini dengan tujuh kali juara pada 2005-207, 2009-2010, 2012-2013. Akan tetapi dalam dua tahun terakhir, makhota juara Roma direbut Novak Djokovic. Selanjutnya, petenis kidal Spanyol itu akan menghadapi lawan tricky yaitu Nick Kygrios [Australia], yang mengalahkan Milos Raonic 7-6 (5), 6-3. Kedua petenis baru sekali berjumpa di babak 16 besar Wimbledon 2014 di mana Kyrgios menang dalam empat set. Di partai lain, unggulan kesembilan David Ferrer tidak mengalami kesulitan berarti untuk menghempaskan Guillermo Garcia-Lopez 6-4, 6-3. Selanjutnya Ferrer akan melawan petenis lucky loser, Lucas Pouille, yang sebelumnya mengalahkan Ernest Gulbis dalam pertarungan tiga set."
9	Senapan Sniper Buatan Pindad Tak Kalah dengan Produk Asing	"Jakarta -Produk senapan sniper SPR-2 yang diproduksi oleh BUMN Indonesia, yaitu PT Pindad (Persero), tak kalah dengan produk sniper sejenis yang diproduksi oleh produsen asing. Saat dipakai kesatuan TNI, senapan sniper yang desainnya muncul di film Rambo IV ini memiliki tingkat akurasi lebih tinggi daripada senapan sniper asing. ""Saat uji di beberapa tempat, SPR-2 akurasinya sangat baik dan lebih baik dari produk luar. Salah satu yang kita tahu, personil Kodam Iskandar Muda, dites sama prajurit ternyata SPR-2 akurasi lebih baik,"" kata Direktur Utama PT Pindad (Persero), Silmy Karim, kepada detikFinance, Rabu (11/5/2016). Lanjut Silmy, tak banyak perusahaan senjata di dunia yang mengembangkan dan memproduksi senapan sniper. Alasannya, pasar senapan sniper sangat terbatas. Namun, hal itu tak menjadi alasan bagi Pindad untuk berhenti mengembangkan dan memproduksi senapan untuk penembak jitu. ""Produsen senjata sniper dunia nggak banyak karena pasar sedikit, namun karena alasan kemandirian kita berusaha buat senjata yang bersaing walau kuantitas nggak banyak,"" tuturnya. Senapan yang dibuat di Bandung itu mampu menembak hingga jarak 2.000 meter atau 2 kilometer (km). Kuatnya daya jangkau senjata SPR-2 ini karena menggunakan peluru kaliber 12,7 mm x 99 atau disebut kaliber 50, dengan kapasitas per magasin 5 peluru. Senjata ini juga dilengkapi dengan peredam dan mampu menembus baja setebal 2 cm. Saat ini, senjata ini telah dipakai oleh TNI, seperti Kopassus TNI AD. SPR-2 pertama kali diserahkan kepada pemesannya di 2015. ""Ini masih baru, delivery (pengiriman) 2015 itu merupakan pesanan 2014,"" sebutnya."
10	"Pilot Mogok, Penerbangan Lion Air Terganggu"	"TEMPO.CO, Jakarta - Sejumlah penerbangan Lion Air tertunda terbang dari Bandara Soekarno-Hatta, Banten ke sejumlah lokasi pada Selasa, 10 Mei 2016. Penerbangan tertunda karena pilot Lion Air dikabarkan mogok kerja. Sekretaris Perusahaan PT Angkasa Pura I, Farid Nugraha, dalam keterangan tertulis, di Jakarta, Selasa, 10 Mei 2016, mengatakan mereka saat ini tengah berkomunikasi secara intensif dengan perwakilan Lion Air Group yang ada di bandara terbesar dan paling sibuk di Indonesia itu. Hal-hal pokok yang dibicarakan antara lain antisipasi pengamanan fasilitas dan pengguna jasa dengan pihak-pihak terkait. Dibahas pula soal pendampingan terhadap pemakai jasa penerbangan serta memastikan hak-hak penumpang dipenuhi Lion Air Group sesuai dengan ketentuan pemerintah akibat kejadian ini. ""Sehubungan dengan aksi mogok pilot Lion Air Group yang terjadi di beberapa bandara Angkasa Pura I, kami mengimbau penumpang dapat memahami dan bersabar terhadap kondisi ini,"" kata Farid. Farid merinci sejumlah keterlambatan terjadi di beberapa bandara di wilayah operasinya di antaranya Bandara Sam Ratulangi (Manado). Rinciannya, JT 741 MDC-UPG-DPS seharusnya berangkat 06.45 WITA, JT 731 MDC-BPN-SUB (06.00 WITA), dan IW 1160 MDC-NAH (07.00 WITA). Bandara Sultan Hasanuddin (Makassar), yakni JT 927 UPG-DPS (06.45 WITA), JT 891 UPG-CGK (08.25 WITA), JT 871 UPG-CGK (09.00 WITA), JT 672 UPG-BPN (09.10 WITA), JT 791 UPG-SUB (09.20 WITA), JT 998 UPG-KDI (08.40 WITA), dan JT 741 UPG-DPS (09.10 WITA). Bandara Internasional Lombok (Nusa Tenggara Barat) di antaranya JT 654 CGK-LOP-SUB (08.40 WITA), IW 1861/1864 SWQ-LOP-BMU (09.25 WITA), dan JT 962/JT 865 SUB-LOP-SUB (09.40 WITA). Bandara I Gusti Ngurah Rai (Bali) sebagai berikut, JT 929 RON-DPS-SUB (06.10 WITA), JT927 UPG-DPS-BTH (08.05 WITA), dan JT741/746 UPG-DPS-UPG (10.30 WITA). Bandara Adisutjipto (Yogyakarta) JT 273 LOP-JOG (06.20 WIB) dan JT 279 JOG-BTH (07.00 WIB). Manajer Humas PT Angkasa Pura II Haerul Anwar mengatakan kondisi Bandara Soekarno-Hatta masih aman, dan apabila terdapat potensi keterlambatan, masih sebatas normal. ""Berdasarkan info dari rekan-rekan di lapangan, di terminal pun tidak terjadi penumpukan pemakai jasa penerbangan,"" katanya. Saat dihubungi, Manajer Humas Lion Group Andy M. Saladin, membantah mogok karena diduga uang transpor yang belum dibayarkan. ""Tidak ada mogok, operasional pun sudah mulai lancar,"" katanya. Sementara itu, Direktur Umum Lion Air Edward Sirait mengatakan hal yang berbeda. Dia mengatakan keterlambatan penerbangan disebabkan oleh kru pesawat sedang sakit, dan beberapa mengalami permasalahan administrasi. ""Kami atas nama manajemen Lion Air mohon maaf atas ketidaknyamanan ini,"" katanya."
11	Amerika Serikat Aktifkan Sistem Rudal Perlindungan Eropa	"Kapal perang Amerika, Donald Cook - tampak di perairan Polandia bulan lalu - dilengkapi dengan sistem Aegis. Amerika Serikat akan mengaktifkan pangkalan pertahanan rudal darat di Rumania yang nantinya merupakan bagian dari sistem perisai perlindungan Eropa yang lebih besar dan kontroversial. Pejabat senior AS dan NATO akan meresmikannya dalam suatu upacara di Deveselu, Rumania selatan. AS mengatakan sistem Aegis adalah sistem perisai untuk melindungi NATO dari rudal jarak pendek dan jarak menengah, terutama dari Timur Tengah. Dengan sistem ini, rudal yang datang menyerang akan dihancurkan di luar angkasa, sebelum kembali memasuki atmosfer Bumi. Tetapi Rusia melihatnya sebagai ancaman keamanan - klaim yang dibantah oleh NATO. Hubungan antara Barat dan Rusia memburuk sejak aneksasi semenanjung Krimea oleh Rusia dari Ukraina pada tahun 2014. Rusia juga dituduh mempersenjatai separatis di Ukraina timur dan mengirim pasukannya - klaim yang dibantah oleh Kremlin. 'Keputusan berbahaya' Sejak tahun 2013, AS diyakini telah menghabiskan U$800juta (lebih dari Rp1 triliun) untuk radar dan rudal pencegat SM-2. Stasiun pertahanan itu akan memiliki rudal pencegat SM-2. Sistem pertahanan rudal AS-Korsel 'ancaman' bagi Cina Akibat salah kirim, rudal milik Amerika Serikat berada di Kuba Angkatan Udara Rusia gelar latihan besar-besaran Para pejabat NATO dan AS mengatakan sistem itu telah dikembangkan untuk melacak dan mencegat rudal yang diluncurkan dari negara 'kacau.' Di masa lalu Iran disebutkan dalam konteks itu, tapi Korea Utara juga disebut-sebut. Selama bertahun-tahun AS juga menguji sistem Aegis pada kapal perang. Para pejabat juga menekankan sistem perisai itu tidak ditujukan bagi Rusia. ""Baik AS maupun NATO telah menegaskan bahwa sistem ini tidak dirancang untuk atau mampu merusak kemampuan sistem penangkalan strategis Rusia,"" kata Asisten Menteri Luar Negeri AS Frank Rose, Rabu (11/05). Kementerian Luar Negeri Rusia memperingatkan pada hari Rabu bahwa sistem itu melanggar traktat negara-negara nuklir. ""Keputusan ini berbahaya dan keliru, karena sistem itu mampu merusak stabilitas strategis,"" kata Mikhail Ulyanov, kepala departemen proliferasi dan pengawasan senjata Kementerian Luar Negeri Rusia. Pada hari Jumat (13/05), tahap lain dari proyek ini akan diluncurkan di Polandia dengan peletakan batu pertama di Redzikowo, dekat Laut Baltik. Rudal Aegis akan mulai beroperasi di sana pada tahun 2018. ""Dari sudut pandang kami ini adalah pelanggaran Traktat Rudal Nuklir Jarak menengah tahun 1987,"" katanya."
12	Sikap Donald Trump tentang 'Pencekalan bagi Muslim' Melunak	"Kandidat presiden dari Partai Republik Donald Trump tampaknya telah melunakkan sikapnya pada gagasan mencekal sementara orang Islam yang mau berkunjung ke AS. Menanggapi pernyataan Walikota London Sadiq Khan, dalam percakapan dengan Fox News Radio, Trump mengatakan bahwa larangan itu 'sekadar saran.' Sadid Khan yang baru terpilih sebagai walikota London sebelumnya menyatakan bahwa ia tidak akan dapat melakukan perjalanan ke AS di bawah pemerintahan Trump karena agamanya Islam. Trump sempat mengatakan untuk 'pengecualian' bagi Khan. Donald Trump akan beri pengecualian bagi Wali Kota London Sadiq Khan Sadiq Khan, wali kota Muslim pertama London Selamat dari Ahok dan wali kota dunia untuk Sadiq Khan Khan menolak tawaran Trump, mengatakan pandangan New York pengusaha New York itu 'ngawur' dan akan membuat Inggris dan AS 'lebih tidak aman.' Trump mengusulkan dilarangnya Muslim memasuki AS setelah serangan di Paris yang menewaskan 130 orang tahun lalu. Larangan yang dicetuskan Trump menuai banyak kritik, baik di Amerika Serikat maupun luar negeri. Namun Trump tetap teguh dengan usulannya. Alasan Trump, aturan tersebut diperlukan guna memastikan keamanan di AS. ""Itu sekadar pencekalan sementara, belum dipastikan,"" kata Trump, Rabu (12/5). ""Ini sekadar usulan saja hingga kita tahu pasti apa yang terjadi sebenarnya,"" tambah Trump. Melunaknya sikap Trump, seiring dengan makin pastinya miliuner ini menjadi calon presiden dari Partai Republik, setelah semua calon lain mengundurkan diri karena hasil-hasil sementara pemilihan pendahuluan menunjukkan Trump tak bisa lagi dilampaui. Namun sangat banyak tokoh penting Partai Republik, termasuk dua Bush bekas presiden, George H Bush dan George W Bush, bekas calon presiden Mitt Romney dan John McCain, serta Ketua DPR AS, Paul Ryan. Khan - anak seorang imigran Pakistan - adalah wali kota Muslim pertama di London, setelah mengalahkan saingan terdekatnya dari Partai Konservatif, Zac Goldsmith. Walikota baru asal Partai Buruh ini memperoleh suara sebanyak 994.614, dari 1.310.143 pemilih, ""Saya ingin pergi ke Amerika untuk bertemu dan bertukar pikiran dengan wali kota-wali kota Amerika,"" kata Khan kepada majalahTime . ""Namun, jika Donald Trump menjadi presiden, maka saya tidak akan pergi ke sana karena agama saya."""
13	Presiden Brasil Dilma Rousseff Diberhentikan Sementara	"Rousseff menjabat sebagai presiden pertama kali pada Januari 2011 dan memulai masa jabatan kedua pada 2015. Senat Brasil memutuskan untuk memakzulkan Presiden Dilma Rousseff, setelah sidang semalam suntuk dengan perbandingan 55 suara mendukung dan 22 menolak. Dengan keputusan Senat Brasil pada Kamis (12/05) itu maka dengan serta merta Dilma Rousseff diberhentikan sementara sebagai presiden. Wakil Presiden Michel Temer, 75, menggantikannya sebagai kepala negara sementara. Ia mempunyai latar belakang sebagai dosen hukum dan berdarah Lebanon. Krisis politik Brasil 'belum segera' berakhir Pendukung Dilma Rousseff turun ke jalanan 'Tembok Pemakzulan' di ibukota Brasil Rousseff, presiden perempuan pertama Brasil, selanjutnya akan menjalani sidang pemakzulan terkait tuduhan bahwa ia memanipulasi data keuangan untuk menutup-nutupi defisit anggaran menjelang pemilihan presiden yang dimenangkannya kembali pada tahun 2014. Michel Temer Michel Temer menjadi presiden interim Brasil selama Roussef diberhentikan sementara. Ia menepis keras tudingan itu. Ditambahkannya bahwa segala upaya untuk menggulingkannya sebagai ""kudeta"". Sidang pemakzulan diperkirakan bisa berlangsung sampai 180 hari. Artinya, Roussef mungkin masih dalam periode diberhentikan sementara ketika pesta olahraga akbar Olimpiade dibuka di Rio de Janeiro pada 5 Agustus."
14	Krisis Politik Brasil 'Belum Segera' Berakhir	"Liston P Siregar Wartawan BBC Indonesia Di tengah-tengah krisis politik yang melanda Brasil, yang sejauh ini bermuara pada upaya pemakzulan Presiden Dilma Rousseff di Senat, para pendukung dan penentangnya aktif turun ke jalan. Untuk mencegah kedua kubu bertemu secara langsung, pihak keamanan sampai mendirikan pemisah di ibukota Brasilia, seperti dijelaskan Febrizki Bagja Mukti, Sekretaris Pertama Politik KBRI Brasilia. ""Di jalan utamanya ada dibuat pagar dari seng dan besi oleh polisi untuk memisahkan kelompok pendukung dan yang menolak pemakzulan. Sampai istilahnya itu kalau di Jerman dulu ada Tembok Berlin, ini namanya Tembok Pemakzulan,"" katanya. Pendukung Dilma Rousseff turun ke jalanan Presiden Brasil kalah dalam mosi pemakzulan di parlemen Warga Brasil gelar aksi menuntut mundur Presiden Rousseff Bagaimanapun Febrizki Bagja Mukti mengamati perbedaan pendapat di kalangan masyarakat tidak sampai terasa dalam kehidupan sehari-hari. ""Kalau komentar di artikel online atau blog internet, di situ lebih terasa masyarakat terpecah, ada yang mendukung dan menolak. Tapi kalau dalam kehidupan sehari-hari sebenarnya relatif normal, orang tetap bekerja seperti biasa."" Febriski Bagja Mukti Febrizki Bagja Mukti mengamati perbedaan politik di Brasil tidak sampai terbawa dalam kehidupan sehari-hari. Proses pemakzulan Presiden Rousseff di Brasil ini merupakan salah satu titik dari krisis politik yang sudah berlangsung selama beberapa waktu. Jika Senat kemudian memutuskan upaya pemakzulan diteruskan, maka Presiden Presiden Dilma Rousseff akan diberhentikan sementara selama 180 hari atau selama masa persidangan penuh. Dan tampaknya hasil di Senat tidak akan langsung bisa menstabilkan politik Brazil. ""Karena kalau, misalnya, Presiden Dilma Rousseff dimakzulkan maka akan dinonaktifkan untuk sementara dan Wakil Presiden Michel Temer menjadi pelaksana tugas presiden. Namun Wapres Michel Temer juga disebut-sebut dalam kasus korupsi Petrobras. Jadi saya rasa posisi Wapres Temer ketika memegang pemeritahan sementara akan rentan untuk digoyang,"" jelas Febrizki Bagja Mukti. Presiden Dilma Rousseff Presiden Rousseff membantah memanipulasi anggaran negara. Krisis politik Brasil ini terjadi ketika perekonomiannya sedang terpuruk dengan pertumbuhan ekonomi negatif dan inflasi yang sangat tinggi. Namun pelaku pasar menanggapi positif upaya pemakzulan Presiden Rousseff dengan nilai mata uangnya menguat US$1 sebesar 3,4 real Brasil padahal beberapa pekan sebelum pemakzulan, nilai US1$ mencapai sampai 4 real Brasil. Sementara nilai dua tahun lalu US$1 = 2,2 real Brasil. ""Mungkin saja hanya sesaat karena kalau nanti Wapres Michel Temer naik jadi pelaksana presiden, kita tidak bisa tahu apa yang terjadi,"" tambah Febrizki. Presiden Rousseff dalam proses pemakzulan dituduh melanggar undang-undang fiskal, tidak mampu memimpin, dan salah mengelola ekonomi. Dia sudah membantah tegas tuduhan memanipulasi anggaran negara."
15	"Dituduh Negara Terkorup, Nigeria Minta Inggris Kembalikan Aset"	"Muhammadu Buhari naik ke puncak kekuasaan tahun lalu setelah berkampanye untuk memberantas korupsi. Pernyataan Perdana Menteri Inggris David Cameron yang menyebut Nigeria dan Afghanistan sebagai negara yang luar biasa korup di dunia mendominasi pertemuan puncak korupsi Negara-negara Persemakmuran di London pada Rabu (11/05). Alih-alih menuntut permintaan maaf dari PM Inggris, Presiden Nigeria Muhammadu Buhari mengatakan pihaknya meminta Inggris mengembalikan aset-aset curian yang disimpan di berbagai bank Inggris. ""Saya tidak akan menuntut permintaan maaf dari siapa pun. Yang saya tuntut adalah pengembalian aset-aset,"" kata Buhari di hadapan delegasi. PM Inggris: Nigeria dan Afghanistan adalah negara terkorup Mantan menteri Nigeria 'tumpuk perhiasan' di rumah Ketika ditanya apakah Nigeria bisa disebut sebagai negara yang ""luar biasa korup"", Presiden Muhammadu Buhari, tak menampiknya dengan mengatakan, "" Ya."" Ia dipilih dalam pemilihan presiden tahun lalu dengan janji memberantas korupsi yan sudah merajalela di Nigeria. David Cameron, Ratu Elizabeth dan Justin Welby Uskup Agung Gereja Anglikan Justin Welby terdengar meluruskan bahwa presiden Nigeria secara pribadi tidak korup. Sebelumnya, Cameron terekam kamera ketika melakukan pembicaraan pribadi dengan Ratu Elizabeth II. ""Inggris akan kedatangan beberapa pemimpin dari negara-negara yang luar biasa korup... Nigeria dan Afghanistan, mungkin dua negara yang paling korup di dunia."" Adapun Kedutaan Besar Afghanistan di London menyebut pernyataan PM David Cameron tak adil. Disebutkan bahwa pemberantasan korupsi menjadi salah satu prioritas Presiden Ashraf Ghani dan aksi ""tegas"" sudah dilakukan."
16	Pemimpin Partai Islam Bangladesh Dieksekusi Mati atas Kejahatan Perang	"Motiur Rahman Nizami tidak mau mengajukan grasi kepada presiden. Pemimpin partai Islam terbesar di Bangladesh dieksekusi atas kejahatan perang. Pihak berwenang mengatakan Motiur Rahman Nizami digantung di Penjara Pusat di ibu kota, Dhaka, pada Selasa (10/05). Sebelumnya Menteri Dalam Negeri Asaduzzaman Khan mengatakan pemimpin Partai Jamaat-e-Islami itu menolak untuk mengajukan permohonan grasi presiden. Nizami, 73, dinyatakan bersalah dalam kasus kejahatan perang terhadap kemanusiaan selama perang kemerdekaan Bangladesh dari Pakistan pada 1971. Tersangka pembunuh 'penghina' Nabi Muhammad diproses di Bangladesh Militan terkait al-Qaida membunuh dua aktivis gay Bangladesh Upaya hukum terakhir Nizami untuk hindari hukuman mati gagal Eksekusi dilaksanakan setelah pada Senin Mahkamah Agung menolak banding terakhir untuk meninjau kembali hukuman mati yang dijatuhkan kepada Nizami. Para pendukung Mahkamah Kejahatan Perang Para pendukung Mahkamah Kejahatan Perang menyambut eksekusi Nizami. Wartawan BBC di Dhaka, Akbar Hossain, melaporkan bahwa Motiur Rahamn Nizami adalah pentolan kelima Partai Jamaat-e-Islami yang menjalani hukuman mati selama beberapa tahun belakangan. Kubu pendukung Pengadilan Kejahatan Perang menyambut hukuman mati atas Motiur Rahman Nizami, namun kubu pendukung Nizami berkeyakinan bahwa pengadilan ini dibentuk atas dasar motif politik."
17	"Pada Ratu Elizabeth, PM Inggris 'Ejek' Nigeria dan Afghanistan Negara Terkorup"	"Uskup Agung Gereja Anglikan, Justin Welby, terdengar membantah David Cameron soal presiden Nigeria. Perdana Menteri Inggris, David Cameron, terekam kamera saat 'mengejek negara-negara Afrika yang korup' dalam pembicaraan dengan Ratu Elizabeth II. Kepada Ratu, dia mengatakan negara-negara yang terkenal akan datang ke Inggris untuk menghadiri pertemuan puncak antikorupsi pada Rabu (11/05). ""Ada beberapa pemimpin dari negara-negara yang korupsinya hebat yang akan datang ke Inggris,"" katanya kepada Ratu Elizabeth di Istana Buckingham, Selasa (10/05), dan terekam oleh kamera. David Cameron ungkap dokumen pembayaran pajak Warga Inggris turut ramaikan ulang tahun Ratu Elizabeth II Cameron: Properti Inggris bukan tempat pencucian uang ""Nigeria dan Afghanistan, mungkin dua negara yang paling korup di dunia,"" tambahnya. Presiden Nigeria, Muhammadu Buhari Presiden Muhammadu Buhari berupaya memberantas korupsi di Nigeria. Percakapan dengan Ratu -yang mestinya bersifat pribadi dan tidak untuk umum tersebut- didengar juga oleh Pemimpin Gereja Anglikan Inggris, Uskup Agung Justin Welby, yang terdengar membela Presiden Nigeria, Muhammadu Buhari, yang dikatakan tidak korup. Cameron kemudian menanggapi setuju dengan mengatakan, ""Dia benar-benar berupaya,"" sementara Ratu megatakan kepada Welby, ""Dia berupaya, begitukan?"" Presiden Muhammadu Buhari -yang bertekad memberantas koprusi di negaranya- dan Presiden Afghanistan, Ashraf Ghani, termasuk sederatan pemimpin yang akan hadir dalam pertemuan puncak antikorupsi di London. Seorang juru bicara kantor perdana menteri mengatakan tidak akan memberi komentar terkait percakapan pribadi namun menyebutkan bahwa baik Buhari maupun Ghani ""menyadari skala tantangan korupsi yang mereka hadapi di negara mereka""."
18	Ratu Elizabeth II Terekam Mengatakan Pejabat China Sangat Kasar	"Ratu Elizabeth II dan Pangeran Philip menerima Presiden Xi Jinping dan isterinya, Peng Liyuan di Buckingham beberapa waktu lalu. Ratu Inggris Elizabeth II terekam kamera mengatakan bahwa para pejabat Cina ""sangat kasar"" saat menerima kunjungan kenegaraan Presiden Xi Jinping tahun lalu. Sri Ratu berbicara dengan seorang perwira polisi senior di sebuah pesta taman Istana Buckingham, Rabu (11/5) membicarakan perlakuan China terhadap duta besar Inggris untuk China. Hal ini terjadi setelah Perdana Menteri David Cameron terdengar mengatakan bahwa Afghanistan dan Nigeria adalah negara yang 'korupnya luar biasa.' Buckingham Palace mengatakan kunjungan kenegaraan pemimpin China itu 'sangat sukses.' Undangan kepada Presiden Xi adalah bagian dari kebijakan pemerintah untuk menarik investasi China. PM Inggris: Nigeria dan Afghanistan adalah negara terkorup Ratu Elizabeth II, penguasa kerajaan Inggris terlama Pernyataan Ratu terekam kamera pada hari Selasa, ketika ia diperkenalkan kepada Komandan Polisi Metropolitan Lodon, Lucy D'Orsi, yang dikatakan pada Ratu, menangani keamanan selama kunjungan Presiden Xi ke Inggris pada bulan Oktober. Sang Ratu terdengar mengatakan: ""Oh, sungguh nahas."" 'Luar biasa' Seorang pejabat melanjutkan dengan mengatakan kepada Ratu bahwa Komandan D'Orsi telah ""amat sangat disepelekan oleh rombongan China, tapi dia berhasil menahan diri dan tetap menjaga wibawanya."" Komandan D'Orsi mengatakan kepada Ratu: ""Saya merupakan Gold Commander saat itu jadi saya tak paham jika Sri Ratu mengetahuinya, namun itu sungguh saat yang sangat menguji saya..."" ""Saya tahu,"" kata Ratu. ratu_bilang orang_cina_kasar Laporan televisi tentang hal ini diblok di China. Komandan D'Orsi melanjutkan: ""Kejadiannya saat mereka berjalan keluar dari Lancaster House dan mengatakan kepada saya bahwa perjalanan dibatalkan, dan saya merasa ..,"" Ratu mentgatakan: ""Mereka sangat kasar kepada duta besar."" Komandan D'Orsi menjawab: ""Mereka ... sungguh kasar dan kurang diplomatis saya pikir."" Ratu menggambarkannya sebagai 'hal yang luar biasa.' Seorang juru bicara Istana Buckingham kemudian mengatakan: ""Kami tidak mengomentari percakapan pribadi Ratu."" ""Betapapun, kunjungan kenegaraan para pemimpin China sangat sukses dan semua pihak bekerja sama untuk memastikan semuanya berjalan lancar."" Tidak ada reaksi resmi dari pihak berwenang China tetapi liputan disensor di China, dan BBC World TV digelapkan dalam siaran yang melaporkan tentang percakapan itu."
19	"Dituduh Negara Terkorup, Nigeria Minta Inggris Kembalikan Aset"	"Muhammadu Buhari naik ke puncak kekuasaan tahun lalu setelah berkampanye untuk memberantas korupsi. Pernyataan Perdana Menteri Inggris David Cameron yang menyebut Nigeria dan Afghanistan sebagai negara yang luar biasa korup di dunia mendominasi pertemuan puncak korupsi Negara-negara Persemakmuran di London pada Rabu (11/05). Alih-alih menuntut permintaan maaf dari PM Inggris, Presiden Nigeria Muhammadu Buhari mengatakan pihaknya meminta Inggris mengembalikan aset-aset curian yang disimpan di berbagai bank Inggris. ""Saya tidak akan menuntut permintaan maaf dari siapa pun. Yang saya tuntut adalah pengembalian aset-aset,"" kata Buhari di hadapan delegasi. PM Inggris: Nigeria dan Afghanistan adalah negara terkorup Mantan menteri Nigeria 'tumpuk perhiasan' di rumah Ketika ditanya apakah Nigeria bisa disebut sebagai negara yang ""luar biasa korup"", Presiden Muhammadu Buhari, tak menampiknya dengan mengatakan, "" Ya."" Ia dipilih dalam pemilihan presiden tahun lalu dengan janji memberantas korupsi yan sudah merajalela di Nigeria. David Cameron, Ratu Elizabeth dan Justin Welby Uskup Agung Gereja Anglikan Justin Welby terdengar meluruskan bahwa presiden Nigeria secara pribadi tidak korup. Sebelumnya, Cameron terekam kamera ketika melakukan pembicaraan pribadi dengan Ratu Elizabeth II. ""Inggris akan kedatangan beberapa pemimpin dari negara-negara yang luar biasa korup... Nigeria dan Afghanistan, mungkin dua negara yang paling korup di dunia."" Adapun Kedutaan Besar Afghanistan di London menyebut pernyataan PM David Cameron tak adil. Disebutkan bahwa pemberantasan korupsi menjadi salah satu prioritas Presiden Ashraf Ghani dan aksi ""tegas"" sudah dilakukan"
20	"Dinonaktifkan dari Jabatan Presiden Brasil, Dilma Rousseff: Ini Kudeta!"	"Brasilia - Presiden Brasil Dilma Rousseff diberhentikan sementara dari jabatannya setelah senat negara itu memutuskan untuk memakzulkannya. Rousseff melawan dan menganggap dia adalah korban kudeta. ""Ini adalah kudeta,"" kata Rousseff kepada wartawan setelah senat memulai sidang pemakzulan terhadapnya. Demikian dilansir CNN, Jumat (13/5/2016). Kurang dari satu jam setelah keputusan pemberhentian sementara disampaikan, Rousseff langsung memberi dua kali pernyataan pers. Yang pertama adalah saat masih di istana kepresidenan, dan setelahnya kepada massa yang berada di luar usai dia meninggalkan istana. ""Saya adalah korban dari ketidakadilan yang besar,"" ujarnya disambut sorak sorai pendukung. Seperti dilansir Reuters, Rousseff diapit oleh puluhan menterinya saat meninggalkan istana kepresidenan. Beberapa menterinya menangis, tetapi perempuan berusia 68 tahun itu tetap diam. ""Saya mungkin membuat kesalahan, tapi saya tidak melakukan kejahatan apapun,"" ucap Rousseff. Dalam pidatonya, Rousseff menegaskan hal-hal yang telah dia pertahankan sejak proses pemakzulan dimulai pada Desember 2015 lalu. Dia menyebut pemakzulan ini sebagai penipuan dan kudeta. ""Saya tidak pernah membayangkan bahwa perlu ada upaya sekali lagi untuk melawan kudeta di negara ini,"" ungkap presiden Brasil sejak 2011 ini. Selama penonaktifan Rousseff, jabatan presiden untuk sementara dijabat oleh Wakil Presiden Brasil Michel Tremer selama 6 bulan. Tremer yang memiliki pengalaman puluhan tahun di kongres, pernah berselisih paham dengan Rousseff tahun lalu. (imk/imk)"
21	"Pelaku ""Bullying"" di SMAN 3 Tak Lulus, Ini Komentar Menteri Anies"	"JAKARTA, KOMPAS.com - Menteri Pendidikan dan Kebudayan Anies Baswedan mengatakan, ketidaklulusan enam siswa SMAN 3 Jakarta lantaran aksi bullying terhadap adik kelasnya merupakan kewenangan pihak sekolah.""Kalau dulu penentu kelulusan adalah ujian nasional, kalau sekarang penentu kelulusan adalah seluruh mata pelajaran dan ditentukan oleh majelis guru di sekolah,"" ujar Anies di Kantor Kemendikbud, Jakarta Selatan, Rabu (11/5/2016).""Jadi pihak sekolah bermusyawarah lalu memutuskan, karena guru yang paling tahu (mengenai siswanya), bukan Mendikbud,"" tambah dia.Menurut Anies, meskipun berdasarkan hasil ujian nasional keenam siswa itu mendapat nilai yang cukup untuk lulus, tetapi berdasarkan sistem pendidikan saat ini, keputusan lulus atau tidaknya seorang siswa diserahkan pada pihak sekolah.""UN enggak ada yang enggak lulus. Itu keputusannya sekolah,"" tuturnya.Sebanyak enam siswa SMAN 3, Jakarta Selatan, yang terlibat dalam aksi bullying atau perundungan terhadap para adik kelas mereka tak diluluskan oleh sekolahnya.Mereka menjadi bagian dari 45 siswa yang tidak lulus ujian tingkat SMA di DKI Jakarta pada tahun ini. (baca: Siswa Pelaku ""Bullying"" di SMAN 3 Tidak Diluluskan)Kepala SMAN 3 Jakarta Selatan, Ratna Budiarti menjelaskan, keputusan tersebut berdasarkan rapat Dewan Guru sebelum pengumuman kelulusan kelas XII atau kelas tiga SMA.""Hasil rapat Dewan Guru memutuskan, sikap mereka yang berenam itu tidak baik karena terjadi pem-bully-an terhadap adik-adiknya sehingga Dewan Guru memutuskan bahwa anak yang terlibat bully itu dinyatakan tidak lulus,"" ujar Ratna saat dihubungi Kompas.com, Senin (9/5/2016).Sikap atau perilaku siswa memang menjadi salah satu kriteria kelulusan selain siswa  menyelesaikan seluruh program pendidikan dan lulus ujian sekolah. Menurut Ratna, siswa yang lulus harus memiliki sikap yang baik.Selain dinyatakan tidak lulus, mereka tidak dapat mengulang sekolah di SMA negeri di Jakarta. Hal tersebut sesuai dengan instruksi dari Dinas Pendidikan DKI Jakarta.Selain mengulang di sekolah swasta, alternatif lain yang dapat dilakukan adalah dengan mengikuti ujian paket C yang setara dengan pendidikan SMA.Bullying yang terjadi di SMAN 3 berawal saat para pelajar kelas XII mengetahui ada pelajar kelas X yang mengunjungi sebuah kafe yang menyuguhkan penampilan DJ. Bagi mereka, para adik kelasnya itu belum pantas pergi ke tempat tersebut.Para pelajar kelas XII kemudian memanggil para pelajar X tersebut. Di sebuah warung di depan sekolahnya, mereka memberikan hukuman kepada adik kelasnya itu.Salah satu bentuknya adalah dengan menjadikan kepala para adik kelasnya itu sebagai asbak rokok."
22	Kemdikbud: Peserta UN Harus Malu Berbuat Curang	"JAKARTA, KOMPAS.com - Kepala Pusat Penilaian Pendidikan (Kapuspendik) Kementerian Pendidikan dan Kebudayaan (Kemdibud) Nizam mengatakan, peserta Ujian Nasional (UN) harus membudayakan malu ketika berbuat curang.""Berintegritas sama halnya dengan malu dalam berbuat curang. Peserta UN harus malu ketika mengerjakan soal ujian berbuat curang atau tidak percaya dengan kemampuan dirinya sendiri,"" ujar Nizam di Jakarta, Selasa (10/5/2016), seperti dikutip Antara.Prestasi sebaik apapun, akan percuma jika tidak dilandasi dengan integritas atau kejujuran. Jika tidak dilandasi integritas, Nizam menyebut bahwa hal itu merupakan prestasi palsu.""Percuma, kalau nilainya tinggi tetapi tidak berintegritas,"" kata Guru Besar Teknik Sipil Universitas Gadjah Mada tersebut.Nizam menyebut, perlu ada upaya bersama untuk membangun mentalitas anticurang atau mentalitas berintegritas.""Sejak dini kita harus menanamkan kepercayaan diri dan menghargai karya sendiri,"" katanya.Sebelumnya, Menteri Pendidikan dan Kebudayaan Anies Baswedan mengumumkan nilai rerata UN tingkat SMA pada 2016 mengalami penurunan dari tahun sebelumnya.""Secara keseluruhan nilai rerata UN tingkat SMA/MA negeri dan swasta mengalami penurunan. Pada tahun sebelumnya, nilai rerata sebanyak 61,29, sementara pada 2016 nilai rerata hanya 54,78,"" ujar Mendikbud.Dengan demikian, terjadi penurunan sebanyak 6,51 poin jika dibandingkan nilai rerata UN tahun sebelumnya.Sementara, untuk hasil UN SMK mengalami penurunan sebanyak 4,45 poin atau dari 62,11 menjadi 57,66 pada 2016.Sembari tersenyum, mantan Rektor Universitas Paramadina itu menambahkan, penurunan tersebut disebabkan tingkat kejujuran yang meningkat.Semakin banyak sekolah yang menggunakan ujian nasional berbasis komputer (UNBK), kisi-kisi UN yang tidak lagi rinci sehingga siswa harus menguasai kompetensi, serta kemungkinan tingkat keseriusan yang menurun."
23	"Ada Tahapan Lagi, Jangan Langsung Puas Sudah Lolos SNMPTN 2016!"	"JAKARTA, KOMPAS.com –Hasil Seleksi Nasional Masuk Perguruan Tinggi Negeri (SNMPTN) 2016, sudah diumumkan pada Senin (9/5/2016) sejak pukul 13.00 WIB. Buat peserta yang dinyatakan lolos, jangan langsung puas. Masih ada tiga tahapan lagi. “Hati-hati, yang sudah selesai adalah proses administrasi. Peserta lolos (SNMPTN 2016) masih harus cetak ulang Kartu Tanda Peserta,” ujar Ketua Umum Panitia SNMPTN 2016, Rochmat Wahab, saat konferensi pers, Senin siang.Kartu tersebut, papar Rochmat, bisa didapatkan dengan mengakses laman resmi SNMPTN 2016. Waktu untuk itu adalah 24-31 Mei 2016.“Setelah cetak kartu, peserta wajib melakukan pendaftaran ulang pada 31 Mei 2016 di Perguruan Tinggi Negeri (PTN) terkait,” kata Rochmat.Terakhir, kata Rochmat, peserta lolos SNMPTN 2016 juga harus mencermati pengumuman dari masing-masing PTN. “Pantau terus pengumumannya. Penuhi ketentuan, syarat, jadwal, dan tempat daftar ulang (registrasi),” imbuh dia.Saat daftar ulang, lanjut Rochmat, peserta lolos SNMPTN 2016 akan diverifikasi segala kebutuhan administrasinya. “Nanti diverifikasi lagi nilai rapornya, sudah benar atau belum,” tegas dia.  Pengumuman hasil SNMPTN pada Senin siang merupakan rangkaian dari proses seleksi yang dilaksanakan pada 24 Maret 2016 sampai 8 Mei 2016. Dari 645.202 peserta terdaftar, hanya 115.178 yang lolos seleksi. Komponen dasar penilaian kelulusan peserta SNMPTN 2016 adalah merujuk nilai rapor sekolah dan prestasi selama siswa menjadi pelajar sekolah menengah atas. Selain jalur SNMPTN murni, ada juga jalur SNMPTN Bidikmisi untuk siswa tak mampu. Berdasarkan rilis panitia, ada 24.506 siswa dari 143.819 pendaftar Bidikmisi yang lolos seleksi jalur ini. “Peserta Bidikmisi juga harus memperhatikan, saat daftar ulang nanti, (mereka) akan diverifikasi) apakah benar-benar berhak mendapat bantuan finansial. Namun, kalaupun ternyata tidak layak (menerima bantuan), status lulusnya tidak hilang kok,” ujar Rochmat.Selain melalui laman resminya di http://pengumuman.snmptn.ac.id, Anda dapat pula melihat hasil seleksi SNMPTN di Kompas.com. Sebagai tambahan informasi, SNMPTN merupakan satu dari tiga jalur masuk ke perguruan tinggi negeri. Dua jalur lain adalah Seleksi Bersama Masuk Perguruan Tinggi Negeri (SBMPTN) dan Jalur Mandiri."
24	Rizal Ramli: Negara-negara Maju Itu Miskin SDA tetapi Kembangkan SDM...	"JAKARTA, KOMPAS.com — Perekonomian negara-negara Asia saat ini sangat bervariasi, mulai dari negara kurang berkembang, berkembang, sampai negara maju.Bahkan, Menteri Koordinator Kemaritiman Rizal Ramli mengatakan, ada beberapa negara yang ekonominya ""terbang"" karena saking melesatnya pendapatan per kapita masyarakatnya.Pada tahun 1960-an akhir, pendapatan per kapita masyarakat negara-negara di Asia di bawah 100 dollar AS, seperti China, Taiwan, Indonesia, Korea Selatan, Malaysia, dan Thailand.Namun, 50 tahun kemudian, negara-negara tersebut jauh meninggalkan Indonesia.Dalam kurun waktu 50 tahun, pendapatan per kapita Korea Selatan melesat ke 35.000 dollar AS.Sementara itu, beberapa yang lain melesat mencapai 15.000 dollar AS.""Kita terakhir hanya 3.500 dollar AS per kapita. Lho kok bisa, dalam waktu 50 tahun ada negara yang 'terbang' masuk kategori negara maju, ada negara yang masih tetap?"" kata Rizal, di Jakarta, Rabu (11/5/2016).Rupanya, kata Rizal, setelah dianalisis, ada dua sebab utama yang membuat perekonomian negara bisa sangat maju atau stagnan.Yang pertama, soal sumber daya manusia (SDM).""Negara-negara yang maju enggak punya SDA (sumber daya alam), jadi fokus dalam pengembangan SDM. Akhirnya, manusia yang terdidik inilah yang mengubah bangsanya,"" kata Rizal.Atas dasar inilah, Rizal mengatakan, pemerintahan Jokowi akan mulai serius mengembangkan SDM, salah satunya melalui program pelatihan vokasional.Kedua, sebuah negara bisa maju atau tidak tergantung pada cara mengelola SDA.Menurut Rizal, selama masih menggunakan paradigma lama, yakni keruk-tebang-tangkap lalu ekspor, Indonesia tidak akan masuk dalam golongan negara maju."
25	"Analis: Arab Saudi Punya Waktu hingga Tiga Tahun Sebelum Akhirnya ""Menabrak Dinding"""	"NEW YORK, KOMPAS.com — Dua tahun lalu, Zach Schreiber dengan tepat meramal kejatuhan epik harga minyak dunia. Saat ini, dia mengingatkan lagi akan kemungkinan terjadinya krisis finansial di Arab Saudi.Prediksinya yang dibuat pada 2014 lalu berhasil mendatangkan keuntungan senilai 1 miliar dollar AS bagi perusahaannya. Saat Schreiber berbicara, semua orang duduk dan mendengarkan.""Jika Anda masih berada di posisi long, saya ikut merasa kasihan,"" kata CEO hedge fund PointState Capital itu saat dia membuat taruhan dua tahun lalu dan posisi harga minyak masih di atas 100 dollar AS per barrel.Ternyata, ramalannya menjadi kenyataan. Harga minyak bahkan sempat jatuh ke level 26 dollar AS per barrel pada Februari lalu. Kondisi itu membuat sakit kepala Pemerintah Arab Saudi dan negara lain yang sangat bergantung dengan minyak. Pasalnya, anggaran belanja mereka sudah dipastikan akan terpangkas.Arab Saudi, misalnya, sudah menggunting anggaran belanja dan tengah berupaya keras untuk mendongkrak pendapatan. Pekan lalu, Arab Saudi juga memecat menteri perminyakan mereka yang sudah menjabat selama 21 tahun.Schreiber percaya bahwa kondisi ekonomi Arab Saudi akan semakin memburuk.""Saudi memiliki dua atau tiga tahun untuk lepas landas sebelum akhirnya menabrak dinding,"" jelas Schreiber saat 21st Annual Sohn Investment Conference pada pekan lalu.Pernyataannya pada konferensi tersebut mengingatkan pada peringatan Schreiber tentang harga minyak tahun 2014 lalu.Schreiber meramal, Arab Saudi menghadapi dua ancaman besar terhadap perekonomian mereka, yakni komitmen besarnya anggaran belanja dan murahnya harga minyak.""Tak heran saat ini Arab Saudi merilis banyak sekali obligasi,"" jelasnya.Pangkas subsidiSetelah bertahun-tahun mendapatkan uang dengan sangat mudah dari minyak, belakangan ini, mesin uang Arab Saudi tersendat. Negara kerajaan tersebut dikabarkan berencana menarik pinjaman senilai 10 miliar dollar AS dari sejumlah bank. Bahkan, mereka mempertimbangkan untuk merilis obligasi internasional pertama mereka.Masalahnya adalah Arab Saudi membutuhkan harga minyak kembali ke posisi 100 dollar AS per barrel sehingga bisa menyeimbangkan anggaran belanja mereka.Pengeluaran Arab Saudi banyak terpakai pada pemberian tunjangan warga mereka yang populasinya hampir mencapai 30 juta orang. Saat ini, tunjangan subsidi tersebut terpaksa dihentikan. Salah satunya dengan menaikkan harga bensin sebesar 50 persen.Arab Saudi juga memiliki anggaran militer yang besar mengingat kondisi geopolitik Timur Tengah yang sangat rentan. Meski begitu, anggaran militer mereka tetap dipangkas sebesar 3,6 persen tahun ini akibat anjloknya harga minyak.Memang, bank sentral Arab Saudi dikabarkan memiliki dana tabungan untuk masa sulit sebesar 600 miliar dollar AS. Namun, jumlahnya sudah berkurang sekitar 140 miliar dollar AS pada kurun waktu akhir 2014 hingga Februari lalu.Schreiber berargumen, neraca perdagangan Arab Saudi terlalu dilebih-lebihkan. Dia merujuk pada nilai liabilitas yang hampir mencapai 340 miliar dollar AS yang memangkas nilai dana cadangan.Hal ini dapat menjelaskan mengapa Arab Saudi berencana menjual 5 persen saham perusahaan milik kerajaan, Aramco.""Jika mereka menjual saham Aramco, bagaimana mereka mendanai hal lainnya? Ini gila. Saudi menggadaikan masa depan mereka dan tengah membeli waktu saat ini,"" jelas Schreiber.Pada saat yang sama, Schreiber masih bearish terhadap harga minyak untuk jangka menengah-panjang.""Mari berharap yang terbaik dan mempersiapkan yang terburuk,"" kata dia."
26	"Menkeu akan Gunakan Data ""Panama Papers"" untuk Keperluan ""Tax Amnesty"""	"JAKARTA, KOMPAS.com - Menteri Keuangan Brodjonegoro menyatakan tidak akan membuat tim khusus untuk meinvestigasi nama-nama yang ada dalam data Panama Papers dalam kaitannya dengan kewajiban perpajakan.""Data Panama Papers kan cuma nama, tidak ada informasi lain,"" katanya saat diwawancarai wartawan di Kantor Kementerian Keuangan, Jakarta, Selasa (10/5/2016). Dalam data itu juga banyak nama-nama orang Indonesia yang memiliki perusahaan di luar Indonesia.Namun demikian, Menkeu menyatakan pihaknya nantinya akan menggunakan nama-nama yang ada dalam Panama Papers untuk diinput dalam perumusan tax amnesty atau pengampunan pajak.Sebelumnya, terhitung mulai hari ini, Selasa (10/5/2016), sejak pukul 02.00 pagi tadi, data Panama Papers bisa diakses oleh publik.Dalam data tersebut, ada sekitar 11,5 juta dokumen yang terdiri dari nama-nama pemilik perusahaan di seluruh dunia termasuk nama-nama pengusaha asal Indonesia. Data itu berbentuk infografis yang dijabarkan secara detail."
27	"""Panama Papers"", Bersiap untuk Badai Data Terbesar Abad Ini"	"KOMPAS.com — Badai telah datang. Kali ini kekuatannya berlipat-lipat dan siap melanda negara mana pun. Tak ada yang bisa memprediksi urutan negaranya. Kali ini, badai dahsyat itu bukan angin topan sungguhan, melainkan berupa data raksasa. Data sebesar 2,6 terabita yang berisi 11,5 juta berkas itu diberi nama ""Panama Papers"", atau Kertas Panama, atau sebut saja Dokumen Panama.  Dokumen Panama dibocorkan oleh seseorang yang kemudian diolah dan dipublikasikan jaringan jurnalis internasional di bawah bendera International Consortium of Investigative Journalists (ICIJ). ICIJ berbasis di Amerika Serikat, bagian dari proyek Center for Public Integrity. Besarnya data melebihi kawat diplomatik yang dibocorkan WikiLeaks pada 2010, juga jauh lebih besar dari bocoran data terkait dokumen NSA yang dibocorkan Edward Snowden pada 2013.Panama Papers memuat daftar klien kelas kakap yang menginginkan uang mereka tersembunyi dari endusan pajak di negaranya, atau setidaknya tak ingin negaranya tahu jumlah tabungannya. Beberapa dugaan ekstrem menyebut, skema ini biasa dimanfaatkan para ""pencuci uang"" untuk menyamarkan asal-usul dana mereka. Dokumen rahasia itu diperoleh setelah seseorang berhasil meretas server e-mail milik firma hukum Mossack Fonseca di Panama. Pendiri Mossack Fonseca, Ramon Fonseca, meyakini dokumen yang diperoleh para jurnalis internasional itu bukanlah sebuah kebocoran, melainkan sebuah praktik peretasan ilegal.Ia telah melaporkan kasus peretasan itu ke pihak berwajib. ""Tindak kriminal satu-satunya yang telah terbukti adalah peretasan (server Mossack Fonseca) ini. (Namun) tak ada satu pun yang membahas soal ini,"" kata Fonseca, seperti dikutip dari Reuters.Fonseca mengklaim, semua aktivitas yang dilakukan perusahaannya adalah legal dan sudah umum dijumpai di banyak negara, termasuk di Amerika Serikat. ""Inilah badai tropis, seperti badai yang kami miliki di Panama, ketika badai telah berlalu, matahari pasti akan keluar bersinar terang,"" kata Fonseca, memberi sinyal optimisme bahwa ia akan  bisa membuktikan kebenaran. ""Saya menjamin bahwa kami tak bersalah dalam kasus ini,"" kata Fonseca. Panamapapers.sueddeutsche.deUkuran file Panama Papers dibanding bocoran-bocoran file sebelumnya, menjadikannya yang terbesar sepanjang sejarah jurnalisme investigasi.Korban pertamaDi dalam 11,5 juta berkas dokumen itu, terdapat nama-nama politisi, bintang olahraga, dan pesohor yang menyimpan uang mereka di berbagai perusahaan ""cangkang"" di luar negeri. Dunia pun dibuat heboh. Apa yang diungkapkan oleh dokumen Panama Papers mengonfirmasi kasak-kusuk apakah benar para penguasa dan pengusaha itu berusaha mengindari pajak di negaranya.Iceland Monitor/ Eva Björk ÆgisdóttirPerdana Menteri Islandia Sigmundur Davíğ Gunnlaugsson bersama sang istri Anna Sigurlaug Pálsdóttir.Islandia adalah negara pertama yang disinggahi badai Panama Papers. Perdana Menteri Islandia Sigmundur David Gunnlaugsson akhirnya mundur dan meletakkan jabatannya, Selasa (5/4/2016).  Baca: Panama Papers ""Telan Korban"", PM Islandia Mengundurkan DiriSetelah PM Islandia, siapa lagi yang akan menyusul? Tak ada yang tahu pasti.Pada awal-awal publikasi Panama Papers, semua media Barat menjadikan wajah Presiden Rusia Vladimir Putin di halaman depan mereka. Beberapa media mengkritik, nama Putin tak pernah disebut dalam dokumen tersebut, tetapi media-media Barat sejak awal telah bersepakat untuk terus memojokkan Putin.Di Indonesia, badai Panama Papers belum benar-benar dimulai karena Tempo belum merilis semua nama yang terlibat dalam Panama Papers. Tempo adalah anggota jaringan ICIJ yang dipercaya mengulik data Panama Papers untuk nama-nama Indonesia.Dalam publikasi awal Tempo, disebutkan ada sekitar 899 nama Indonesia (baik perseorangan maupun perusahaan) yang ada di dalam Dokumen Panama.Indonesia baru dihebohkan dengan bocoran 2.961 nama orang Indonesia yang berasal dari dokumen Offshore Leaks yang sudah terlebih dulu dipublikasikan pada 2013. Data itu ternyata bukan berasal dari Panama Papers.Dalam publikasi awal itu, Tempo menjelaskan, Dokumen Panama bocor dari kantor firma hukum Mossack Fonseca di Panama, sedangkan data Offshore Leaks berasal dari firma Portcullis TrustNet di Singapura dan Commonwealth Trust Ltd di British Virgin Island.Kita akan melihat, apakah nantinya Dokumen Panama akan jadi ""badai"" di Indonesia, ataukah hanya ""hujan rintik-rintik"".tenfield.com.uyAnggota Komite Etik Independen FIFA, Juan Pedro Damiani, mengundurkan diri setelah namanya tercantum dalam Panama Papers.Nada optimistis vs pesimistisBanyak yang optimistis, Dokumen Panama ini akan mampu mengungkap berbagai bentuk kebobrokan politisi dan figur publik yang korup dan menyembunyikan dananya di luar negeri. Namun, ada pula yang pesimistis dengan mengatakan tak banyak yang sebenarnya bisa kita harapkan dari Panama Papers.Selain dokumen itu hanya berisi daftar nama orang, yang tak bisa langsung dikaitkan dengan praktik ilegal, juga karena ada tuduhan miring bahwa dokumen ini tujuan utamanya untuk membidik pemimpin Rusia dan China. Negara-negara lain hanya dianggap sebagai pelengkap penderita. Misalnya, simak pandangan Craig Murray dalam tulisannya Corporate Media Gatekeepers Protect Western 1% From Panama Leak.Terlepas ada suara minor, melihat rekam jejak firma Mossack Fonseca, persepsi publik yang sejak awal curiga kepada nama-nama yang masuk dalam Panama Papers itu bisa dimaklumi.Namun, tetap pantas bagi kita untuk tetap memberi peluang kepada nama-nama yang masuk di dalam dokumen itu untuk memberi klarifikasi.Perlu digarisbawahi, tak semua nama yang disebut dalam data itu terlibat praktik kotor dalam pengelolaan aset dan keuangan. Memiliki perusahaan penghubung di luar negeri atau memiliki aset di luar negeri tak selamanya identik dengan praktik ilegal.Tonggak ""perang"" dataApa yang ditunjukkan oleh jurnalis internasional dalam memublikasikan bocoran Panama Papers telah menjadi tonggak pada abad ini yang menunjukkan betapa dahsyatnya kekuatan data itu. Data adalah alat baru pada era digital ini untuk mengungkap berbagai praktik yang menjurus ke kegiatan ilegal dan juga korupsi.Jika boleh mengumpamakan, data adalah ""senjata"" efektif pada masa kini dan bahkan pada masa mendatang. Jika Anda ingin menggulingkan rezim korup, himpunlah data dan ajak publik untuk memahami data itu, bukan cuma bermain tagar atau hashtag.Sudahi perang tagar di media sosial, karena salah-salah jika Anda warga negara Indonesia, dengan mudah Anda bisa dipenjara hanya karena bermain-main tagar. Anda boleh saja membuat aneka tagar hingga menjadi topik tren berkali-kali di media sosial, tetapi tak akan memiliki dampak sedahsyat kekuatan data. Jika para politisi dan pengusaha memiliki ""mata uang"" berupa koneksi dan kekuasaan, masyarakat sipil pun kini terbukti punya ""mata uang"" baru tandingan, yaitu data. Data adalah kekuatan baru dan tambang emas baru bagi warga baru. Mari bersiap menyambut badai kertas Panama ini di Indonesia.Simak berita-berita terkait ""Skandal Panama Papers"" di sini."
28	Klopp Kritik Suporter Liverpool	"KOMPAS.com - Manajer Liverpool, Juergen Klopp, mengaku kecewa dengan suporter saat timnya bermain imbang 1-1 dengan Chelsea pada partai Premier League di Stadion Anfield, Rabu (11/5/2016).Chelsea unggul terlebih dahulu melalui aksi individu Eden Hazard pada menit ke-32. Liverpool baru menyamakan kedudukan lewat tandukan Christian Benteke pada masa injury time.Sejumlah peluang terbuang menjadi salah satu faktor Liverpool gagal memenangi laga. Dicatat Premier League, mereka melepaskan 10 tembakan ke arah gawang dari 19 percobaan.Klopp pun menilai, anak-anak asuhnya bermain terburu-buru karena tuntutan dari suporter. Meskipun, dia tidak memungkiri ada antusiasme besar dari suporter mengingat ini partai kandang terakhir Liverpool musim 2015-2016.""Saya mencintai stadion dan atmosfer di sini. Namun, setiap orang kehilangan kesabaran hari ini, termasuk suporter,"" tutur Klopp setelah pertandingan.""Sebuah hal sulit ketika manajer menuntut kesabaran dalam menguasai bola, tetapi setiap orang justru berteriak agar kami berlari,"" kata dia.Di mata Klopp, sejumlah peluang timnya lebih bernuansa spekulasi. Para pemain dinilai bisa menciptakan situasi yang lebih pasti dalam sejumlah kesempatan.""Anda memiliki tiga pemain yang berdekatan, tetapi salah satu dari mereka justru menembak. Bola diblok dan Anda kehilangan formasi untuk merebutnya kembali,"" ujar Klopp.Hasil ini membuat Liverpool tertahan di posisi ke-8 dengan koleksi 59 angka. Chelsea mengekor di peringkat sembilan dengan selisih sepuluh poin."
29	"Liverpool, Raja Gol ""Injury Time"" Musim Ini"	"KOMPAS.com - Liverpool nyaris menelan kekalahan dari Chelsea pada pertandingan lanjutan Premier League di Stadion Anfiled, Rabu (11/5/2016) atau Kamis dini hari WIB. Kedua tim bermain imbang 1-1. The Reds - julukan Liverpool - sempat kebobolan terlebih dulu oleh aksi menawan Eden Hazard pada menit ke-32. Di sisi kanan pertahanan Liverpool, pemain asal Belgia tersebut dengan kemampuan luar biasa mengecoh dua pemain lawan untuk merangsek ke dalam kotak penalti.Begitu mendapatkan ruang tembak, Hazard dengan kaki kanan melepaskan tembakan keras yang tak mampu dibendung Simon Mignolet.Liverpool baru bisa mencetak gol balasan melalui aksi Christian Benteke pada masa injury time. Dari sisi kanan pertahanan Chelsea, Sheyi Ojo melepaskan umpan ke dalam kotak penalti. Asmir Begovic berusaha menepis bola tetapi usahanya itu malah menjadi fatal.Bola terlepas dari tangan Begovic dan kemudian disundul Benteke ke dalam gawang Chelsea. Gol ini menyelamatkan Liverpool dari kekalahan. Gol Benteke tersebut semakin mengukuhkan Liverpool sebagai tim spesialis injury time musim ini. Dengan catatan 5 gol, Si Merah menjadi klub yang paling banyak mencetak gol setelah pertandingan melewati waktu 90 menit.Uniknya, semua gol telat yang diciptakan Liverpool pada musim ini saat klub di bawah kepemimpian Juergen Klopp. Karena itu, mulai muncul-lah istilah Kloppage Time. "
30	"Sunderland Menang, Newcastle dan Norwich Degradasi"	"SUNDERLAND, KOMPAS.com - Kemenangan Sunderland atas Everton pada laga tunda, Rabu (11/5/2016) atau Kamis dini hari WIB, memastikan Norwich City dan Newcastle United terdegradasi dari Premier League musim ini.Menjamu Everton di Stadium of Lights, Sunderland menang telak 3-0. Tiga gol kemenangan tuan rumah dicetak oleh Patrick van Aanholt (38') dan Lamine Kone (42', 56').Kemenangan Sunderland ini juga menggagalkan usaha Norwich untuk mengatasi ketertinggalan poin. Sekalipun pada saat bersamaan menang atas Watford, Norwich dipastikan tak bisa keluar dari posisi tiga terbawah.Dari 37 pertandingan, Sunderland bisa mengoleksi 38 poin. Dengan satu laga tersisa, perolehan poin The Black Cats - julukan Sunderland- dipastikan takkan terkejar oleh Newcastle dan Norwich yang sama-sama mengumpulkan 34 poin.Norwich dan Newcastle United akan menemani Aston Villa berjuang di Divisi Championship pada musim depan. Posisi mereka akan digantikan Burnley dan Middlesbrough yang meraih tiket promosi langsung sebagai juara dan peringkat kedua Divisi Championship.Satu tempat tersisa akan diperebutkan oleh empat tim melalui play-off. Mereka adalah Sheffield Wednesday, Brighton & Hove Albion, Derby County, dan Hull City.Hasil partai tunda Premier League, Rabu (11/5/2016):Norwich City 4-2 Watford (Nathan Redmond 15', Dieumerci Mbokani 18', 57', Craig Cathcart 37'-bd ; Troy Deeney 11', Odion Ighalo 51')Sunderland 3-0 Everton (Patrick van Aanholt 38', Lamine Kone 42', 56')Liverpool 1-1 Chelsea (Christian Benteke 90' ; Eden Hazard 32') "
